Date,Day-of Toronto Wholesale Gasoline,Prior Day NY Harbor Spot,Day-of Toronto less Prior Day NY Harbor,Day-of Thunder Bay Wholesale Gasoline,Prior Day Edmonton Spot,Day-of Thunder Bay less Prior Day Edmonton
6/25/2018,83.5,,,0,,
6/26/2018,82.8,70.3,12.5,0,0,0
6/27/2018,83.4,70.9,12.5,0,0,0
6/28/2018,85.6,72.6,13,0,0,0
6/29/2018,85.3,72.6,12.7,0,0,0
7/2/2018,85.3,73.6,11.7,0,0,0
7/3/2018,86.1,72.4,13.7,0,0,0
7/4/2018,84.7,72.7,12,0,0,0
7/5/2018,84.7,72.6,12.1,0,0,0
7/6/2018,84.8,73.1,11.7,0,0,0
7/9/2018,83.9,71.7,12.2,0,0,0
7/10/2018,85.2,73.1,12.1,0,0,0
7/11/2018,85.6,73.6,12,0,0,0
7/12/2018,82.3,70.8,11.5,0,0,0
7/13/2018,82.8,71,11.8,0,0,0
7/16/2018,84,71.9,12.1,0,0,0
7/17/2018,80.3,68.5,11.8,0,0,0
7/18/2018,81.4,69.2,12.2,0,0,0
7/19/2018,82,70.4,11.6,0,0,0
7/20/2018,82.8,70.7,12.1,0,0,0
7/23/2018,83.1,70.8,12.3,0,0,0
7/24/2018,83.7,72,11.7,0,0,0
7/25/2018,84.1,72.2,11.9,0,0,0
7/26/2018,84.6,72.6,12,0,0,0
7/27/2018,85.9,73.8,12.1,0,0,0
7/30/2018,85.8,73.9,11.9,0,0,0
7/31/2018,85.6,73.3,12.3,0,0,0
8/1/2018,84.4,72.5,11.9,0,0,0
8/2/2018,82.8,71,11.8,0,0,0
8/3/2018,83.3,71.6,11.7,0,0,0
8/6/2018,83.3,71.6,11.7,0,0,0
8/7/2018,83.9,71.5,12.4,0,0,0
8/8/2018,85.5,73,12.5,0,0,0
8/9/2018,82.8,70.3,12.5,0,0,0
8/10/2018,81.6,69.9,11.7,0,0,0
8/13/2018,83.2,71.5,11.7,0,0,0
8/14/2018,82.1,71.3,10.8,0,0,0
8/15/2018,82.5,71.3,11.2,0,0,0
8/16/2018,80.3,69.8,10.5,0,0,0
8/17/2018,79.4,69.9,9.5,0,0,0
8/20/2018,78.9,69.4,9.5,0,0,0
8/21/2018,80.1,70.4,9.7,0,0,0
8/22/2018,80.9,70.4,10.5,0,0,0
8/23/2018,82.7,72.1,10.6,0,0,0
8/24/2018,82.5,72.3,10.2,0,0,0
8/27/2018,82.7,72.6,10.1,0,0,0
8/28/2018,82.4,72.7,9.7,0,0,0
8/29/2018,81.2,71.6,9.6,0,0,0
8/30/2018,82,72.5,9.5,0,0,0
8/31/2018,83.4,74,9.4,0,0,0
9/3/2018,83.4,74.3,9.1,0,0,0
9/4/2018,83.5,74.3,9.2,0,0,0
9/5/2018,84,74.5,9.5,0,0,0
9/6/2018,83.7,72.4,11.3,0,0,0
9/7/2018,83.4,71.4,12,0,0,0
9/10/2018,81.2,71.8,9.4,0,0,0
9/11/2018,78.7,70.3,8.4,0,0,0
9/12/2018,79.3,72.4,6.9,0,0,0
9/13/2018,79.2,72.4,6.8,0,0,0
9/14/2018,77.8,70.6,7.2,0,0,0
9/17/2018,77.8,70,7.8,0,0,0
9/18/2018,74.1,70.1,4,0,0,0
9/19/2018,75.1,71.5,3.6,0,0,0
9/20/2018,75.1,71.7,3.4,0,0,0
9/21/2018,74.8,70.9,3.9,0,0,0
9/24/2018,75.1,71,4.1,0,0,0
9/25/2018,76.4,72.6,3.8,0,0,0
9/26/2018,76.9,73,3.9,0,0,0
9/27/2018,76.7,73,3.7,0,0,0
9/28/2018,77.8,73.9,3.9,0,0,0
10/1/2018,77.8,73.8,4,0,0,0
10/2/2018,78.4,74.2,4.2,0,0,0
10/3/2018,78.9,74.6,4.3,0,0,0
10/4/2018,79.2,75.2,4,0,0,0
10/5/2018,78.5,74.6,3.9,0,0,0
10/8/2018,78.5,74.2,4.3,0,0,0
10/9/2018,77.7,74.3,3.4,0,0,0
10/10/2018,77.5,73.9,3.6,0,0,0
10/11/2018,75.7,72.1,3.6,0,0,0
10/12/2018,72.8,69.4,3.4,0,0,0
10/15/2018,73,69.7,3.3,0,0,0
10/16/2018,72.8,69.4,3.4,0,0,0
10/17/2018,73.8,70.4,3.4,0,0,0
10/18/2018,72,68.9,3.1,0,0,0
10/19/2018,71.5,67.5,4,0,0,0
10/22/2018,72.5,68.9,3.6,0,0,0
10/23/2018,72.3,68.7,3.6,0,0,0
10/24/2018,69.8,66.2,3.6,0,0,0
10/25/2018,68.9,64.5,4.4,0,0,0
10/26/2018,68.8,65,3.8,0,0,0
10/29/2018,69.1,65.8,3.3,0,0,0
10/30/2018,69.6,65.7,3.9,0,0,0
10/31/2018,69.7,65.3,4.4,0,0,0
11/1/2018,69.1,63.6,5.5,0,0,0
11/2/2018,67.4,61.5,5.9,0,0,0
11/5/2018,67.2,61,6.2,0,0,0
11/6/2018,66.4,60.3,6.1,0,0,0
11/7/2018,66.7,60.9,5.8,0,0,0
11/8/2018,65.2,59.2,6,0,0,0
11/9/2018,65.2,59.4,5.8,0,0,0
11/12/2018,64.9,58.5,6.4,0,0,0
11/13/2018,65.4,58.7,6.7,0,0,0
11/14/2018,62.2,55.9,6.3,0,0,0
11/15/2018,62.9,56.6,6.3,0,0,0
11/16/2018,62.4,56.5,5.9,0,0,0
11/19/2018,63,57.3,5.7,0,0,0
11/20/2018,63.2,57.3,5.9,0,0,0
11/21/2018,60.4,54.9,5.5,0,0,0
11/22/2018,61,55.2,5.8,0,0,0
11/23/2018,61,54.9,6.1,0,0,0
11/26/2018,56.8,55,1.8,0,0,0
11/27/2018,58.6,52.9,5.7,0,0,0
11/28/2018,58,52.7,5.3,0,0,0
11/29/2018,57.1,51.4,5.7,0,0,0
11/30/2018,59,53.4,5.6,0,0,0
12/3/2018,58.5,53.1,5.4,0,0,0
12/4/2018,58.6,53.1,5.5,0,0,0
12/5/2018,58.9,53,5.9,0,0,0
12/6/2018,59.6,53.8,5.8,0,0,0
12/7/2018,59.2,54,5.2,0,0,0
12/10/2018,60.5,54.6,5.9,0,0,0
12/11/2018,58.7,53.1,5.6,0,0,0
12/12/2018,59.3,53,6.3,0,0,0
12/13/2018,58.3,52.3,6,0,0,0
12/14/2018,59.9,54.6,5.3,0,0,0
12/17/2018,58.3,53,5.3,0,0,0
12/18/2018,57.5,51.6,5.9,0,0,0
12/19/2018,55.9,49.8,6.1,0,0,0
12/20/2018,57.2,50.5,6.7,0,0,0
12/21/2018,55.2,49.3,5.9,0,0,0
12/24/2018,55.1,48.7,6.4,0,0,0
12/25/2018,55.1,48.8,6.3,0,0,0
12/26/2018,55.1,48.8,6.3,0,0,0
12/27/2018,52.7,50.1,2.6,0,0,0
12/28/2018,54.9,49.6,5.3,0,0,0
12/31/2018,55.4,49.3,6.1,0,0,0
1/1/2019,55.4,49.3,6.1,0,0,0
1/2/2019,55.6,49.3,6.3,0,0,0
1/3/2019,55.5,50.1,5.4,0,0,0
1/4/2019,55.8,50.1,5.7,0,0,0
1/7/2019,55.5,49.9,5.6,0,0,0
1/8/2019,54.8,49.1,5.7,0,0,0
1/9/2019,55.5,49.6,5.9,0,0,0
1/10/2019,56.8,51.6,5.2,0,0,0
1/11/2019,57.1,51.5,5.6,0,0,0
1/14/2019,55.8,50.9,4.9,0,0,0
1/15/2019,54.2,49.5,4.7,0,0,0
1/16/2019,55.9,50.8,5.1,0,0,0
1/17/2019,55.4,50.6,4.8,0,0,0
1/18/2019,56.3,51.1,5.2,0,0,0
1/21/2019,55.8,51.7,4.1,0,0,0
1/22/2019,55,51.1,3.9,0,0,0
1/23/2019,52.8,50.6,2.2,0,0,0
1/24/2019,51.7,50,1.7,0,0,0
1/25/2019,52.1,50,2.1,0,0,0
1/28/2019,52,49.8,2.2,0,0,0
1/29/2019,50,48,2,0,0,0
1/30/2019,50.6,48.5,2.1,0,0,0
1/31/2019,51.4,50.1,1.3,0,0,0
2/1/2019,49.5,49,0.5,0,0,0
2/4/2019,49.8,50.6,-0.8,0,0,0
2/5/2019,49.4,50.9,-1.5,0,0,0
2/6/2019,49.8,50.6,-0.8,0,0,0
2/7/2019,50.9,51.7,-0.8,0,0,0
2/8/2019,50.3,51.5,-1.2,0,0,0
2/11/2019,51,52.3,-1.3,0,0,0
2/12/2019,50.7,51.6,-0.9,0,0,0
2/13/2019,50.7,51.7,-1,0,0,0
2/14/2019,52.8,53.1,-0.3,0,0,0
2/15/2019,57.5,54.7,2.8,0,0,0
2/18/2019,57.5,57.1,0.4,0,0,0
2/19/2019,59.6,57.1,2.5,0,0,0
2/20/2019,59.5,56.7,2.8,0,0,0
2/21/2019,60.2,57.4,2.8,0,0,0
2/22/2019,60.5,58.2,2.3,0,0,0
2/25/2019,60.3,58.2,2.1,0,0,0
2/26/2019,57.8,56.1,1.7,0,0,0
2/27/2019,59.2,57.7,1.5,0,0,0
2/28/2019,61.5,58.9,2.6,0,0,0
3/1/2019,61.1,58.4,2.7,0,0,0
3/4/2019,61.7,62.2,-0.5,0,0,0
3/5/2019,62.1,58.6,3.5,0,0,0
3/6/2019,63.2,59.4,3.8,0,0,0
3/7/2019,64.4,60.9,3.5,0,0,0
3/8/2019,64.9,61.5,3.4,0,0,0
3/11/2019,64.8,61.6,3.2,0,0,0
3/12/2019,66.7,62.4,4.3,0,0,0
3/13/2019,67.5,62,5.5,0,0,0
3/14/2019,69,63.5,5.5,0,0,0
3/15/2019,68.7,64.5,4.2,0,0,0
3/18/2019,68.9,64.6,4.3,0,0,0
3/19/2019,69.8,65.8,4,0,0,0
3/20/2019,70.6,65.9,4.7,0,0,0
3/21/2019,71.9,66.6,5.3,0,0,0
3/22/2019,72.2,67.6,4.6,0,0,0
3/25/2019,70.8,67.4,3.4,0,0,0
3/26/2019,71.9,67.1,4.8,0,0,0
3/27/2019,71.8,67.7,4.1,0,0,0
3/28/2019,69.6,65.4,4.2,0,0,0
3/29/2019,69.4,64.7,4.7,0,0,0
4/1/2019,69.2,64.6,4.6,0,0,0
4/2/2019,70.2,64.8,5.4,0,0,0
4/3/2019,71.4,65.7,5.7,0,0,0
4/4/2019,72,69.3,2.7,0,0,0
4/5/2019,71.7,68.9,2.8,0,0,0
4/8/2019,73.4,70.4,3,0,0,0
4/9/2019,73.7,70.7,3,0,0,0
4/10/2019,73.6,71,2.6,0,0,0
4/11/2019,76.2,73,3.2,0,0,0
4/12/2019,75.2,72.4,2.8,0,0,0
4/15/2019,75.1,72.1,3,0,0,0
4/16/2019,77.6,71.8,5.8,0,0,0
4/17/2019,78.3,72.6,5.7,0,0,0
4/18/2019,78.8,72.8,6,0,0,0
4/19/2019,78.8,74,4.8,0,0,0
4/22/2019,80.2,74,6.2,0,0,0
4/23/2019,82.3,75.7,6.6,0,0,0
4/24/2019,82.8,76.1,6.7,0,0,0
4/25/2019,82.8,76.1,6.7,0,0,0
4/26/2019,83.2,75.5,7.7,0,0,0
4/29/2019,81.5,73.9,7.6,0,0,0
4/30/2019,80.7,73.7,7,0,0,0
5/1/2019,81.9,72.8,9.1,0,0,0
5/2/2019,81.4,70.8,10.6,0,0,0
5/3/2019,79.8,71.3,8.5,0,0,0
5/6/2019,79.1,69.9,9.2,0,0,0
5/7/2019,77.9,69.3,8.6,0,0,0
5/8/2019,76.3,67.1,9.2,0,0,0
5/9/2019,77.3,68.2,9.1,0,0,0
5/10/2019,77.8,68.3,9.5,0,0,0
5/13/2019,77.6,68.7,8.9,0,0,0
5/14/2019,76.8,67.7,9.1,0,0,0
5/15/2019,77.3,68.4,8.9,0,0,0
5/16/2019,78.4,69.7,8.7,0,0,0
5/17/2019,80.1,71.4,8.7,0,0,0
5/20/2019,80.1,70.4,9.7,0,0,0
5/21/2019,79.6,69.6,10,0,0,0
5/22/2019,78.5,69.4,9.1,0,0,0
5/23/2019,77.2,67.9,9.3,0,0,0
5/24/2019,74.4,65.8,8.6,0,0,0
5/27/2019,75,66.6,8.4,0,0,0
5/28/2019,75,66.6,8.4,0,0,0
5/29/2019,75.9,66.9,9,0,0,0
5/30/2019,75.8,66.7,9.1,0,0,0
5/31/2019,73.3,64.2,9.1,0,0,0
6/3/2019,70.6,61.7,8.9,0,0,0
6/4/2019,69,57.8,11.2,0,0,0
6/5/2019,68.1,58.1,10,0,0,0
6/6/2019,66.9,57.7,9.2,0,0,0
6/7/2019,67.4,58.8,8.6,0,0,0
6/10/2019,67.9,58.8,9.1,0,0,0
6/11/2019,67.9,58.6,9.3,0,0,0
6/12/2019,69.6,60.1,9.5,0,0,0
6/13/2019,67.3,57.6,9.7,0,0,0
6/14/2019,68.3,59.6,8.7,0,0,0
6/17/2019,69,60.1,8.9,0,0,0
6/18/2019,68,59,9,0,0,0
6/19/2019,69.1,59.9,9.2,0,0,0
6/20/2019,69.8,60.9,8.9,0,0,0
6/21/2019,71,61.8,9.2,0,0,0
6/24/2019,73.7,64.4,9.3,0,0,0
6/25/2019,73.5,63.8,9.7,0,0,0
6/26/2019,74.1,64.9,9.2,0,0,0
6/27/2019,76.9,67,9.9,0,0,0
6/28/2019,76.1,66.1,10,0,0,0
7/1/2019,76.1,66.1,10,0,0,0
7/2/2019,75.6,65.4,10.2,0,0,0
7/3/2019,74.8,65.5,9.3,0,0,0
7/4/2019,76.6,66.3,10.3,0,0,0
7/5/2019,76.6,66.2,10.4,0,0,0
7/8/2019,77.2,66.4,10.8,0,0,0
7/9/2019,76.2,65.4,10.8,0,0,0
7/10/2019,76.7,66.8,9.9,0,0,0
7/11/2019,79.3,68.9,10.4,0,0,0
7/12/2019,78.4,68.4,10,0,0,0
7/15/2019,77.7,67.5,10.2,0,0,0
7/16/2019,76,65.7,10.3,0,0,0
7/17/2019,74.8,65.3,9.5,0,0,0
7/18/2019,74.2,64,10.2,0,0,0
7/19/2019,72.8,63,9.8,0,0,0
7/22/2019,72.9,63.3,9.6,0,0,0
7/23/2019,72.6,62.9,9.7,0,0,0
7/24/2019,73.9,64.1,9.8,0,0,0
7/25/2019,73.6,64,9.6,0,0,0
7/26/2019,74.8,64.8,10,0,0,0
7/29/2019,74.8,65,9.8,0,0,0
7/30/2019,73.9,64.6,9.3,0,0,0
7/31/2019,75.1,65.6,9.5,0,0,0
8/1/2019,75.2,65.2,10,0,0,0
8/2/2019,71.3,61.9,9.4,0,0,0
8/5/2019,71.3,62.3,9,0,0,0
8/6/2019,72.6,60.6,12,0,0,0
8/7/2019,69.1,59.6,9.5,0,0,0
8/8/2019,66.4,58.4,8,0,0,0
8/9/2019,66.9,58.4,8.5,0,0,0
8/12/2019,67.9,58.6,9.3,0,0,0
8/13/2019,67.4,58.7,8.7,0,0,0
8/14/2019,70.2,61,9.2,0,0,0
8/15/2019,68.8,59.2,9.6,0,0,0
8/16/2019,67.3,57.9,9.4,0,0,0
8/19/2019,67.6,58.2,9.4,0,0,0
8/20/2019,67.6,59.3,8.3,0,0,0
8/21/2019,68.2,59.9,8.3,0,0,0
8/22/2019,68.4,60.4,8,0,0,0
8/23/2019,67.6,59.5,8.1,0,0,0
8/26/2019,66.7,58.8,7.9,0,0,0
8/27/2019,65.7,57.8,7.9,0,0,0
8/28/2019,67.3,58.7,8.6,0,0,0
8/29/2019,68.5,60.5,8,0,0,0
8/30/2019,68.4,60,8.4,0,0,0
9/2/2019,68.4,57.7,10.7,0,0,0
9/3/2019,66,57.7,8.3,0,0,0
9/4/2019,64.1,52.9,11.2,0,0,0
9/5/2019,65.9,58.6,7.3,0,0,0
9/6/2019,66.7,58.5,8.2,0,0,0
9/9/2019,67.1,59.5,7.6,0,0,0
9/10/2019,67.3,60,7.3,0,0,0
9/11/2019,67.5,60.1,7.4,0,0,0
9/12/2019,67,59.2,7.8,0,0,0
9/13/2019,66.5,58.6,7.9,0,0,0
9/16/2019,66.7,59,7.7,0,0,0
9/17/2019,70.4,65.1,5.3,0,0,0
9/18/2019,68.1,63,5.1,0,0,0
9/19/2019,67.7,62.3,5.4,0,0,0
9/20/2019,69.1,63.7,5.4,0,0,0
9/23/2019,68.4,62.7,5.7,0,0,0
9/24/2019,68.6,62.4,6.2,0,0,0
9/25/2019,68.6,61.2,7.4,0,0,0
9/26/2019,67.6,60.5,7.1,0,0,0
9/27/2019,66.7,61.8,4.9,0,0,0
9/30/2019,68.3,61.4,6.9,0,0,0
10/1/2019,68.1,59.7,8.4,0,0,0
10/2/2019,66.5,58.7,7.8,0,0,0
10/3/2019,65.8,59.4,6.4,0,0,0
10/4/2019,65.9,58.2,7.7,0,0,0
10/7/2019,66.8,58.9,7.9,0,0,0
10/8/2019,66.7,58.8,7.9,0,0,0
10/9/2019,67.7,58.9,8.8,0,0,0
10/10/2019,67.9,59.9,8,0,0,0
10/11/2019,68.3,60.9,7.4,0,0,0
10/14/2019,68.3,61.3,7,0,0,0
10/15/2019,68.4,60.3,8.1,0,0,0
10/16/2019,67,60.3,6.7,0,0,0
10/17/2019,67.4,60.7,6.7,0,0,0
10/18/2019,67.2,60.7,6.5,0,0,0
10/21/2019,67.5,60.7,6.8,0,0,0
10/22/2019,66.6,60.2,6.4,0,0,0
10/23/2019,66.7,59.5,7.2,0,0,0
10/24/2019,68,60.7,7.3,0,0,0
10/25/2019,68.3,61,7.3,0,0,0
10/28/2019,68.6,61.3,7.3,0,0,0
10/29/2019,68.2,61.5,6.7,0,0,0
10/30/2019,68.8,61.9,6.9,0,0,0
10/31/2019,68.4,61.2,7.2,0,0,0
11/1/2019,66.9,59.8,7.1,0,0,0
11/4/2019,68.3,60.6,7.7,0,0,0
11/5/2019,68.1,62.1,6,0,0,0
11/6/2019,68.2,62.4,5.8,0,0,0
11/7/2019,66.2,60.3,5.9,0,0,0
11/8/2019,66.3,60.3,6,0,0,0
11/11/2019,66.4,60.4,6,0,0,0
11/12/2019,65.5,59.6,5.9,0,0,0
11/13/2019,65.6,59.4,6.2,0,0,0
11/14/2019,66.3,60.3,6,0,0,0
11/15/2019,65.7,59.5,6.2,0,0,0
11/18/2019,66.2,59.9,6.3,0,0,0
11/19/2019,65.6,58.6,7,0,0,0
11/20/2019,65,58,7,0,0,0
11/21/2019,67.1,60.3,6.8,0,0,0
11/22/2019,68.7,61.3,7.4,0,0,0
11/25/2019,67.7,60.8,6.9,0,0,0
11/26/2019,68.3,60.8,7.5,0,0,0
11/27/2019,69.3,61,8.3,76.5,70.3,6.2
11/28/2019,68.1,60.1,8,75.9,69.7,6.2
11/29/2019,67.6,60.2,7.4,75.8,69.6,6.2
12/2/2019,64,60.2,3.8,72.8,66.6,6.2
12/3/2019,62.2,56.7,5.5,70,63.8,6.2
12/4/2019,63.1,56.3,6.8,70.3,64.1,6.2
12/5/2019,64.2,57.4,6.8,71.7,65.5,6.2
12/6/2019,64.5,57.8,6.7,71.4,65.2,6.2
12/9/2019,65.7,59.1,6.6,72.4,66.2,6.2
12/10/2019,65.9,59.4,6.5,71.7,65.5,6.2
12/11/2019,66.1,59.4,6.7,70.6,65.5,5.1
12/12/2019,65.9,58.4,7.5,69.7,64.4,5.3
12/13/2019,65.8,58.4,7.4,69.3,63.5,5.8
12/16/2019,67,59.3,7.7,70.4,63.1,7.3
12/17/2019,66.8,59.3,7.5,70,64.2,5.8
12/18/2019,67.6,60,7.6,70.6,63.8,6.8
12/19/2019,67.3,60.1,7.2,70.4,64.4,6
12/20/2019,68.2,60.7,7.5,71.1,64.2,6.9
12/23/2019,68.5,60.7,7.8,71.2,64.9,6.3
12/24/2019,68.6,60.9,7.7,71.3,65,6.3
12/25/2019,68.6,61.4,7.2,71.3,65.1,6.2
12/26/2019,68.6,61.4,7.2,71.3,65.1,6.2
12/27/2019,69.3,62.2,7.1,72.4,65.1,7.3
12/30/2019,69.7,61.7,8,74.4,66.2,8.2
12/31/2019,68.9,60.9,8,73.6,68.2,5.4
1/1/2020,68.9,59.6,9.3,73.6,67.4,6.2
1/2/2020,67.5,59.6,7.9,71.8,67.4,4.4
1/3/2020,67.8,59.9,7.9,72.1,65.6,6.5
1/6/2020,69.3,61.5,7.8,73.5,65.9,7.6
1/7/2020,69.4,61.1,8.3,73.4,67.3,6.1
1/8/2020,68.3,60.4,7.9,72.8,67.2,5.6
1/9/2020,65.7,58.4,7.3,70.5,66.6,3.9
1/10/2020,66,58.6,7.4,71,64.3,6.7
1/13/2020,66.2,58.5,7.7,71.1,64.8,6.3
1/14/2020,66.1,58.5,7.6,69.8,64.9,4.9
1/15/2020,66,58.5,7.5,69.6,63.4,6.2
1/16/2020,65.3,58.1,7.2,68.6,62.4,6.2
1/17/2020,65.9,58.7,7.2,69.2,63,6.2
1/20/2020,65.5,58.2,7.3,69.5,63.3,6.2
1/21/2020,65.5,58.1,7.4,69.5,63.3,6.2
1/22/2020,65.4,57.9,7.5,70.7,64.5,6.2
1/23/2020,63.6,56.1,7.5,69.9,63.7,6.2
1/24/2020,63,55.7,7.3,69.3,63.1,6.2
1/27/2020,61.4,54.1,7.3,67.5,61.3,6.2
1/28/2020,60.4,52.8,7.6,65.6,59.4,6.2
1/29/2020,61,53.7,7.3,66.3,60.1,6.2
1/30/2020,62,54.8,7.2,67.3,61.1,6.2
1/31/2020,60.7,54.5,6.2,66.3,60.1,6.2
2/3/2020,60.5,53.6,6.9,66.3,60.1,6.2
2/4/2020,60.3,52.8,7.5,65.8,59.6,6.2
2/5/2020,58.7,51.9,6.8,64.6,58.4,6.2
2/6/2020,60.1,53.9,6.2,66.1,59.9,6.2
2/7/2020,60.2,53.8,6.4,66.3,60.1,6.2
2/10/2020,60.8,54.9,5.9,66.5,60.3,6.2
2/11/2020,61,55,6,66.5,60.3,6.2
2/12/2020,60.6,54.4,6.2,66.2,60,6.2
2/13/2020,62.9,56.7,6.2,69.3,63.1,6.2
2/14/2020,63,56.6,6.4,68.6,62.4,6.2
2/17/2020,63,56.9,6.1,68.6,62.4,6.2
2/18/2020,63.4,56.9,6.5,68.3,62.1,6.2
2/19/2020,64.5,57.7,6.8,69.5,63.3,6.2
2/20/2020,66.3,59.7,6.6,71.5,65.3,6.2
2/21/2020,66.5,59.6,6.9,70.9,64.7,6.2
2/24/2020,65.6,59.3,6.3,70.1,63.9,6.2
2/25/2020,64.5,57.9,6.6,68.9,62.7,6.2
2/26/2020,61.7,55.5,6.2,67.6,61.4,6.2
2/27/2020,58.9,53.5,5.4,65,58.8,6.2
2/28/2020,57.3,51.9,5.4,63.3,57.1,6.2
3/2/2020,57,51.7,5.3,61.9,55.7,6.2
3/3/2020,59.4,53.7,5.7,63.7,57.5,6.2
3/4/2020,59.3,53.3,6,63.1,56.9,6.2
3/5/2020,60.4,54.6,5.8,64.2,58,6.2
3/6/2020,59.1,53.2,5.9,63.4,57.2,6.2
3/9/2020,54.5,49,5.5,58.8,52.6,6.2
3/10/2020,45.5,40.6,4.9,50.1,43.9,6.2
3/11/2020,47,42.6,4.4,51.4,45.2,6.2
3/12/2020,45.1,39.7,5.4,49.7,43.5,6.2
3/13/2020,38.1,32.7,5.4,43.3,37.1,6.2
3/16/2020,38.3,34.1,4.2,45.5,39.3,6.2
3/17/2020,31.3,25.5,5.8,39.5,33.3,6.2
3/18/2020,33.5,26.7,6.8,41.2,35,6.2
3/19/2020,31,25.2,5.8,39,32.8,6.2
3/20/2020,32.7,25.5,7.2,36.2,30,6.2
3/23/2020,29,22.9,6.1,34.2,28,6.2
3/24/2020,23.3,17.2,6.1,29.1,22.9,6.2
3/25/2020,24.5,16.6,7.9,29.2,23,6.2
3/26/2020,28.2,20.5,7.7,34.7,28.5,6.2
3/27/2020,27.9,19.3,8.6,32.5,26.3,6.2
3/30/2020,28.4,20.4,8,32.3,26.1,6.2
3/31/2020,29.1,20.6,8.5,32.1,25.9,6.2
4/1/2020,28.3,20.3,8,31.2,25,6.2
4/2/2020,25.6,18.9,6.7,28.8,22.6,6.2
4/3/2020,29.8,19.2,10.6,30.4,24.2,6.2
4/6/2020,30.9,19.9,11,31,24.8,6.2
4/7/2020,31.3,23.8,7.5,31.4,25.2,6.2
4/8/2020,29.6,21.3,8.3,28.8,22.6,6.2
4/9/2020,30.5,23.5,7,30,23.8,6.2
4/10/2020,30.5,21.9,8.6,30,23.8,6.2
4/13/2020,30.2,21.8,8.4,30.1,23.9,6.2
4/14/2020,31.1,22.6,8.5,31.5,25.3,6.2
4/15/2020,31.9,22.7,9.2,31.8,25.6,6.2
4/16/2020,32.8,22.3,10.5,32.2,26,6.2
4/17/2020,35,22.2,12.8,31.6,25.4,6.2
4/20/2020,33.8,23.2,10.6,31.6,25.4,6.2
4/21/2020,32.9,21.5,11.4,30.1,23.9,6.2
4/22/2020,28.2,17.6,10.6,30.4,24.2,6.2
4/23/2020,33.3,21.7,11.6,34.5,28.3,6.2
4/24/2020,33.8,22.1,11.7,34.4,28.2,6.2
4/27/2020,34.2,22.9,11.3,35,28.8,6.2
4/28/2020,33,22.1,10.9,42.3,36.1,6.2
4/29/2020,32.8,22.9,9.9,46.1,39.9,6.2
4/30/2020,35,25.1,9.9,47,40.8,6.2
5/1/2020,34.4,25,9.4,46.9,40.7,6.2
5/4/2020,36.8,25.5,11.3,46.5,40.3,6.2
5/5/2020,38.6,28.5,10.1,48.9,42.7,6.2
5/6/2020,41.7,30.9,10.8,50.4,44.2,6.2
5/7/2020,41.3,29.9,11.4,50.1,43.9,6.2
5/8/2020,42.9,31.1,11.8,51.2,45,6.2
5/11/2020,43.3,32.5,10.8,51.7,45.5,6.2
5/12/2020,42.1,31.7,10.4,51,44.8,6.2
5/13/2020,41.6,30.5,11.1,50,43.8,6.2
5/14/2020,39,28,11,47.8,41.6,6.2
5/15/2020,41.2,31.1,10.1,52.2,46,6.2
5/18/2020,41.2,32.6,8.6,52.2,46,6.2
5/19/2020,43.6,35,8.6,53.8,47.6,6.2
5/20/2020,45.7,35.4,10.3,55.8,49.6,6.2
5/21/2020,45.7,35.9,9.8,55.8,49.6,6.2
5/22/2020,45.7,36,9.7,55.7,49.5,6.2
5/25/2020,45.6,35.4,10.2,55.8,49.6,6.2
5/26/2020,45.6,35,10.6,55.7,49.5,6.2
5/27/2020,45.7,35.4,10.3,55.2,49,6.2
5/28/2020,43.6,33.3,10.3,53.2,47,6.2
5/29/2020,43.3,33.3,10,53.7,47.5,6.2
6/1/2020,45.4,34.1,11.3,55.4,49.2,6.2
6/2/2020,45.3,35.5,9.8,54.4,48.2,6.2
6/3/2020,47.5,36.3,11.2,56.1,49.9,6.2
6/4/2020,47.2,35.9,11.3,56.3,50.1,6.2
6/5/2020,48.1,37.1,11,58.1,51.9,6.2
6/8/2020,50.5,46.4,4.1,60.5,54.3,6.2
6/9/2020,49.7,39.8,9.9,59.6,53.4,6.2
6/10/2020,50.4,39.8,10.6,60.2,54,6.2
6/11/2020,50.1,40.3,9.8,60,53.8,6.2
6/12/2020,47.5,37.1,10.4,57.3,51.1,6.2
6/15/2020,48,37.9,10.1,58.1,51.9,6.2
6/16/2020,50.2,39.3,10.9,59.6,53.4,6.2
6/17/2020,51.6,40.9,10.7,61.1,54.9,6.2
6/18/2020,51.9,41.3,10.6,61.2,55,6.2
6/19/2020,53.6,43,10.6,62.8,56.6,6.2
6/22/2020,54.5,42.9,11.6,63.1,56.9,6.2
6/23/2020,55,44.4,10.6,63.6,57.4,6.2
6/24/2020,55.1,45.1,10,64,57.8,6.2
6/25/2020,51.8,41.5,10.3,60.9,54.7,6.2
6/26/2020,51.7,42.2,9.5,60.4,54.2,6.2
6/29/2020,50.3,39.5,10.8,61.3,55.1,6.2
6/30/2020,51.5,41.3,10.2,62.5,56.3,6.2
7/1/2020,51.5,41.8,9.7,62.5,56.3,6.2
7/2/2020,52,42.3,9.7,62.2,56,6.2
7/3/2020,54.3,43.3,11,63,56.8,6.2
7/6/2020,54.1,43.2,10.9,63,56.8,6.2
7/7/2020,53.4,43.2,10.2,61.9,55.7,6.2
7/8/2020,55.1,44,11.1,63.2,57,6.2
7/9/2020,55.3,45.2,10.1,63.3,57.1,6.2
7/10/2020,54,43.6,10.4,62.2,56,6.2
7/13/2020,55.4,44.6,10.8,63.4,57.2,6.2
7/14/2020,55.1,44.3,10.8,62.7,56.5,6.2
7/15/2020,54.3,43.9,10.4,61.4,55.2,6.2
7/16/2020,54.6,44.3,10.3,61.3,55.1,6.2
7/17/2020,53.6,43.3,10.3,60.2,54,6.2
7/20/2020,53.4,42.8,10.6,58.9,52.7,6.2
7/21/2020,53.1,42.8,10.3,58.9,52.7,6.2
7/22/2020,54.6,44.7,9.9,61.1,54.9,6.2
7/23/2020,54.5,44.5,10,61.1,54.9,6.2
7/24/2020,53.7,43.4,10.3,60.3,54.1,6.2
7/27/2020,54.6,44,10.6,61.6,55.4,6.2
7/28/2020,54.1,43.8,10.3,61.1,54.9,6.2
7/29/2020,53.7,43.3,10.4,61.4,55.2,6.2
7/30/2020,52.7,42.7,10,60.3,54.1,6.2
7/31/2020,52.2,41.9,10.3,59.5,53.3,6.2
8/3/2020,52.2,40.6,11.6,59.5,53.3,6.2
8/4/2020,50.9,41.3,9.6,59.5,53.3,6.2
8/5/2020,51.8,41.3,10.5,61,54.8,6.2
8/6/2020,51.7,41.9,9.8,61,54.8,6.2
8/7/2020,52,42.6,9.4,61.3,55.1,6.2
8/10/2020,51.6,41.7,9.9,60.9,54.7,6.2
8/11/2020,52.7,42.4,10.3,61.7,55.5,6.2
8/12/2020,51.7,41.1,10.6,60.6,54.4,6.2
8/13/2020,53.7,42.7,11,61.9,55.7,6.2
8/14/2020,53.4,42.8,10.6,61.3,55.1,6.2
8/17/2020,53.7,43.1,10.6,61.1,54.9,6.2
8/18/2020,54.4,43.8,10.6,61.3,55.1,6.2
8/19/2020,54.9,44.2,10.7,60.6,54.4,6.2
8/20/2020,55.1,44.5,10.6,60.4,54.2,6.2
8/21/2020,55.3,45.1,10.2,61.1,54.9,6.2
8/24/2020,55,44.3,10.7,60.4,54.2,6.2
8/25/2020,57.6,47.6,10,62.9,56.7,6.2
8/26/2020,58.2,47.8,10.4,62.2,56,6.2
8/27/2020,56.9,46.4,10.5,60.4,54.2,6.2
8/28/2020,54.1,43.3,10.8,58.2,52,6.2
8/31/2020,55.4,44.2,11.2,58.9,52.7,6.2
9/1/2020,53.8,42.7,11.1,57.7,51.5,6.2
9/2/2020,54,44.2,9.8,58.9,52.7,6.2
9/3/2020,53.3,43.4,9.9,57.7,51.5,6.2
9/4/2020,53.6,43.4,10.2,58.4,52.2,6.2
9/7/2020,53.6,42.2,11.4,58.4,52.2,6.2
9/8/2020,52.5,42.5,10,57.5,51.3,6.2
9/9/2020,49.8,40.2,9.6,56.8,50.6,6.2
9/10/2020,50.3,40.6,9.7,56.9,50.7,6.2
9/11/2020,49.8,39.7,10.1,55.5,49.3,6.2
9/14/2020,49.9,40.2,9.7,55.5,49.3,6.2
9/15/2020,48.4,40.5,7.9,55.7,49.5,6.2
9/16/2020,49.4,41.5,7.9,58.3,52.1,6.2
9/17/2020,51.2,43.6,7.6,60.6,54.4,6.2
9/18/2020,52.8,44.6,8.2,62.7,56.5,6.2
9/21/2020,52.8,45.2,7.6,62.8,56.6,6.2
9/22/2020,51,43.7,7.3,61.1,54.9,6.2
9/30/2020,52.1,43.6,8.5,62.2,56,6.2
10/1/2020,51.8,43.8,8,63,56.8,6.2
10/2/2020,50.9,42.8,8.1,61.5,55.3,6.2
10/5/2020,50,41.6,8.4,59.8,53.6,6.2
10/6/2020,52.3,44.3,8,61.9,55.7,6.2
10/7/2020,53.9,45.1,8.8,59.8,53.6,6.2
10/8/2020,52.6,43.8,8.8,58,51.8,6.2
10/9/2020,53.5,44.5,9,59.5,53.3,6.2
10/12/2020,53.5,43.4,10.1,59.5,53.3,6.2
10/13/2020,51.9,42.6,9.3,58.4,52.2,6.2
10/21/2020,51,42.5,8.5,58.5,52.3,6.2
10/22/2020,49.3,40.9,8.4,56.1,52.3,6.2
10/23/2020,49.9,41.2,8.7,57.3,49.9,6.2
10/26/2020,49.2,40.7,8.5,56.8,51.1,6.2
10/27/2020,48.6,39.7,8.9,54.7,50.6,6.2
10/28/2020,49.5,41,8.5,56.1,49.9,6.2
10/29/2020,48.2,39.2,9,55,48.8,6.2
10/30/2020,46.9,38,8.9,54.2,48,6.2
11/2/2020,46.6,37.8,8.8,54.8,48.6,6.2
11/3/2020,47,37.7,9.3,56.2,50,6.2
11/4/2020,47.5,39,8.5,56.7,50.5,6.2
11/5/2020,48.5,39.1,9.4,57.8,51.6,6.2
11/6/2020,48.6,39.4,9.2,56.5,50.3,6.2
11/9/2020,47.5,38.4,9.1,54.5,48.3,6.2
11/10/2020,50,40.8,9.2,56.5,50.3,6.2
11/11/2020,51,42.1,8.9,56.9,50.7,6.2
11/12/2020,50.4,42,8.4,56.3,50.1,6.2
11/13/2020,49.9,41.1,8.8,55.6,49.4,6.2
11/16/2020,48.9,40,8.9,54.6,48.4,6.2
11/17/2020,49,41,8,54.7,48.5,6.2
11/18/2020,49.2,41.1,8.1,55.2,49,6.2
11/19/2020,49.4,40.8,8.6,55.1,48.9,6.2
11/20/2020,49.7,41.1,8.6,54.9,48.7,6.2
11/23/2020,49.9,41.5,8.4,55.1,48.9,6.2
11/24/2020,51.1,42.2,8.9,56.2,50,6.2
11/25/2020,52.6,44,8.6,57.8,51.6,6.2
11/26/2020,53.6,45.1,8.5,58.6,52.4,6.2
11/27/2020,53.7,45,8.7,58.4,52.2,6.2
11/30/2020,53.4,44.9,8.5,58.1,51.9,6.2
12/1/2020,52,43.5,8.5,56.8,50.6,6.2
12/2/2020,51,42.8,8.2,56.1,49.9,6.2
12/3/2020,51.7,43.4,8.3,56.4,50.2,6.2
12/4/2020,52,43.6,8.4,56.2,50,6.2
12/7/2020,52,43.5,8.5,55.4,49.2,6.2
12/8/2020,51.3,43.4,7.9,54.3,48.1,6.2
12/9/2020,51.3,43.8,7.5,55.1,48.9,6.2
12/10/2020,51.9,44.1,7.8,57.9,51.7,6.2
12/11/2020,53.1,45.3,7.8,58.8,52.6,6.2
12/14/2020,53,45.1,7.9,59.7,53.5,6.2
12/15/2020,53.5,45.4,8.1,60.6,54.4,6.2
12/16/2020,53.4,45.7,7.7,60.7,54.5,6.2
12/17/2020,54.5,46.5,8,61.4,55.2,6.2
12/18/2020,55.6,48,7.6,63.7,57.5,6.2
12/21/2020,56,48.5,7.5,64.5,58.3,6.2
12/22/2020,54.9,47.3,7.6,63.1,56.9,6.2
12/23/2020,54.6,46.6,8,62.3,56.1,6.2
12/24/2020,55.8,48,7.8,63.6,57.4,6.2
12/25/2020,55.8,47.9,7.9,63.6,57.4,6.2
12/28/2020,55.8,47.9,7.9,63.6,57.4,6.2
12/29/2020,55.7,47.2,8.5,63.4,57.2,6.2
12/30/2020,55.8,47.8,8,62,55.8,6.2
12/31/2020,56.5,48.4,8.1,61.5,55.3,6.2
1/1/2021,56.5,48.4,8.1,61.5,55.3,6.2
1/4/2021,56.4,48.4,8,61.8,55.6,6.2
1/5/2021,55.8,47.1,8.7,60.6,54.4,6.2
1/6/2021,58.1,49.8,8.3,62.8,56.6,6.2
1/7/2021,58.8,50.5,8.3,63.6,57.4,6.2
1/8/2021,59.1,50.7,8.4,63.9,57.7,6.2
1/11/2021,60.9,53.2,7.7,65.6,59.4,6.2
1/12/2021,60.6,52.2,8.4,64.5,58.3,6.2
1/13/2021,61.6,53.2,8.4,65.7,59.5,6.2
1/14/2021,61.3,52.6,8.7,64.9,58.7,6.2
1/15/2021,61.1,53.7,7.4,65,58.8,6.2
1/18/2021,60.5,52.6,7.9,64.5,58.3,6.2
1/19/2021,60.6,52.5,8.1,64.5,58.3,6.2
1/20/2021,60.7,52.8,7.9,65.2,59,6.2
1/21/2021,60.6,52.6,8,65.3,59.1,6.2
1/22/2021,60.7,53.3,7.4,65.6,59.4,6.2
1/25/2021,61,53.1,7.9,66.1,59.9,6.2
1/26/2021,61.7,53.6,8.1,67,60.8,6.2
1/27/2021,62.1,54.4,7.7,67.5,61.3,6.2
1/28/2021,62.3,54.4,7.9,66.9,60.7,6.2
1/29/2021,62.7,54.6,8.1,67,60.8,6.2
2/1/2021,61.8,54,7.8,65.9,59.7,6.2
2/2/2021,63.3,55.1,8.2,67.6,61.4,6.2
2/3/2021,64,56,8,68.7,62.5,6.2
2/4/2021,65,57.1,7.9,69.5,63.3,6.2
2/5/2021,65.1,56.8,8.3,69.5,63.3,6.2
2/8/2021,65.2,56.3,8.9,69.4,63.2,6.2
2/9/2021,65.7,57.1,8.6,70.2,64,6.2
2/10/2021,65.3,56.6,8.7,70.7,64.5,6.2
2/11/2021,64.4,55.7,8.7,71.2,65,6.2
2/12/2021,64.2,56,8.2,71.3,65.1,6.2
2/16/2021,65.6,57.4,8.2,71,64.8,6.2
2/17/2021,68.5,60.3,8.2,73.4,67.2,6.2
2/18/2021,69.8,61.4,8.4,74.7,68.5,6.2
2/19/2021,69.2,59.8,9.4,73.5,67.3,6.2
2/22/2021,69,60.2,8.8,73.8,67.6,6.2
2/23/2021,70.1,62,8.1,74.8,68.6,6.2
2/24/2021,70.6,62.8,7.8,75.2,69,6.2
2/25/2021,71.6,63.5,8.1,76.1,69.9,6.2
2/26/2021,71.6,64.1,7.5,75.6,69.4,6.2
3/1/2021,71.9,63.5,8.4,75.2,69,6.2
3/2/2021,71.4,62.3,9.1,75.3,69.1,6.2
3/3/2021,70.1,62.7,7.4,74.1,67.9,6.2
3/4/2021,69.8,64.1,5.7,73.8,67.6,6.2
3/5/2021,70.7,66.2,4.5,74.8,68.6,6.2
3/8/2021,73.4,68.6,4.8,77.1,70.9,6.2
3/9/2021,72.7,67.5,5.2,76.1,69.9,6.2
3/10/2021,72.5,66.8,5.7,75.9,69.7,6.2
3/11/2021,73.5,68,5.5,76.6,70.4,6.2
3/12/2021,75.3,69.9,5.4,77.9,71.7,6.2
3/15/2021,75,72.9,2.1,76.8,70.6,6.2
3/16/2021,73.8,71.3,2.5,76.1,69.9,6.2
3/17/2021,73.3,70,3.3,78.7,72.5,6.2
3/18/2021,71.7,68.4,3.3,79,72.8,6.2
3/19/2021,68.1,64.1,4,75.3,69.1,6.2
3/22/2021,68.2,62.5,5.7,75.6,69.4,6.2
3/23/2021,68.8,63.3,5.5,76.6,70.4,6.2
3/24/2021,66.6,61.4,5.2,75.1,68.9,6.2
3/25/2021,69.9,65.3,4.6,77.8,71.6,6.2
3/26/2021,67.9,63.1,4.8,75.5,69.3,6.2
3/29/2021,69.3,64,5.3,77.1,70.9,6.2
3/30/2021,70.3,65.4,4.9,78.2,72,6.2
3/31/2021,70.2,64.4,5.8,78.3,72.1,6.2
4/1/2021,68.8,64.3,4.5,76.9,70.7,6.2
4/5/2021,71.2,66.1,5.1,79,72.8,6.2
4/6/2021,68.4,64.4,4,76.6,70.4,6.2
4/7/2021,68.2,65.1,3.1,76.8,70.6,6.2
4/8/2021,68,64.1,3.9,76.3,70.1,6.2
4/9/2021,67.6,64.5,3.1,76.2,70,6.2
4/12/2021,67.5,64.9,2.6,76,69.8,6.2
4/13/2021,67.4,65,2.4,76.5,70.3,6.2
4/14/2021,67.5,65.2,2.3,76.5,70.3,6.2
4/15/2021,69.4,66.8,2.6,78.9,72.7,6.2
4/16/2021,70,67.4,2.6,80.4,74.2,6.2
4/19/2021,74.3,67.1,7.2,79.9,73.7,6.2
4/20/2021,74.5,67.4,7.1,81.1,74.9,6.2
4/21/2021,73.8,66.2,7.6,80.9,74.7,6.2
4/22/2021,72.1,64.3,7.8,79.2,73,6.2
4/23/2021,71.8,64.4,7.4,78.6,72.4,6.2
4/26/2021,72.3,64.5,7.8,78.8,72.6,6.2
4/27/2021,71.2,63.8,7.4,77.8,71.6,6.2
4/28/2021,72.9,65.1,7.8,79.1,72.9,6.2
4/29/2021,74.7,66.1,8.6,80.7,74.5,6.2
4/30/2021,75.3,67.5,7.8,81.5,75.3,6.2
5/3/2021,74.3,66.7,7.6,80.6,74.4,6.2
5/4/2021,75.2,68.1,7.1,81.3,75.1,6.2
5/5/2021,77.1,69.6,7.5,83,76.8,6.2
5/6/2021,76.8,68.7,8.1,82.3,76.1,6.2
5/7/2021,75.2,67.7,7.5,80.8,74.6,6.2
5/10/2021,75,67.8,7.2,81,74.8,6.2
5/11/2021,75.2,67.7,7.5,80.8,74.6,6.2
5/12/2021,75.3,68.3,7,81.2,75,6.2
5/13/2021,76,69.7,6.3,82.3,76.1,6.2
5/14/2021,74.1,67.1,7,80.4,74.2,6.2
5/17/2021,74.9,68.7,6.2,81.4,75.2,6.2
5/18/2021,75.7,69.2,6.5,81.1,74.9,6.2
5/19/2021,75.7,69.5,6.2,81.1,74.9,6.2
5/20/2021,74,66.9,7.1,79.6,73.4,6.2
5/21/2021,72.1,64.4,7.7,77.7,71.5,6.2
5/24/2021,72.1,65.5,6.6,77.7,71.5,6.2
5/25/2021,72.5,66.7,5.8,78,71.8,6.2
5/26/2021,74.2,66.7,7.5,79.9,73.7,6.2
5/27/2021,75.4,67.6,7.8,81,74.8,6.2
5/28/2021,75.5,67.8,7.7,81.4,75.2,6.2
6/1/2021,75.1,67.3,7.8,80.3,74.1,6.2
6/2/2021,75.8,68.3,7.5,80.8,74.6,6.2
6/3/2021,76.7,68.8,7.9,81.8,75.6,6.2
6/4/2021,77.4,69,8.4,82.7,76.5,6.2
6/7/2021,77.5,69,8.5,83,76.8,6.2
6/8/2021,76.8,68.9,7.9,82.3,76.1,6.2
6/9/2021,77.8,69.8,8,84.4,78.2,6.2
6/10/2021,77.3,68.9,8.4,83,76.8,6.2
6/11/2021,77.5,69.6,7.9,83,76.8,6.2
6/14/2021,77,68.7,8.3,82.3,76.1,6.2
6/15/2021,76.3,68.8,7.5,81.6,75.4,6.2
6/16/2021,76.2,68.8,7.4,82,75.8,6.2
6/17/2021,75.6,68.6,7,81.6,75.4,6.2
6/18/2021,75,68.8,6.2,82.3,76.1,6.2
6/21/2021,76.5,69.6,6.9,83.9,77.7,6.2
6/22/2021,77,70.4,6.6,84.6,78.4,6.2
6/23/2021,78,71.1,6.9,85.4,79.2,6.2
6/24/2021,78.9,72.9,6,86.4,80.2,6.2
6/25/2021,79.6,72.5,7.1,86.9,80.7,6.2
6/28/2021,79,72.2,6.8,85.7,79.5,6.2
6/29/2021,77.7,71.2,6.5,84.5,78.3,6.2
6/30/2021,78.5,72.4,6.1,85.4,79.2,6.2
7/1/2021,78.5,72.3,6.2,85.4,79.2,6.2
7/2/2021,78.9,72.8,6.1,85.9,79.7,6.2
7/6/2021,80.3,74.8,5.5,87.6,81.4,6.2
7/7/2021,78.6,72.8,5.8,85.9,79.7,6.2
7/8/2021,78.2,72.1,6.1,85.4,79.2,6.2
7/9/2021,80.1,73.6,6.5,88.1,81.9,6.2
7/12/2021,81,74.5,6.5,89,82.8,6.2
7/13/2021,80.3,74.9,5.4,88.3,82.1,6.2
7/14/2021,82,76,6,89.8,83.6,6.2
7/15/2021,81.2,76,5.2,89,82.8,6.2
7/16/2021,80.2,74.7,5.5,87.8,81.6,6.2
7/19/2021,80.4,75.6,4.8,88.1,81.9,6.2
7/20/2021,76.5,71,5.5,83.8,77.6,6.2
7/21/2021,77,71.1,5.9,84.9,78.7,6.2
7/22/2021,79,73.5,5.5,87.5,81.3,6.2
7/23/2021,81.1,75.2,5.9,89.4,83.2,6.2
7/26/2021,81.7,76,5.7,89.7,83.5,6.2
7/27/2021,82.1,77.1,5,89.5,83.3,6.2
7/28/2021,82.5,76.9,5.6,89.9,83.7,6.2
7/29/2021,82.2,75.8,6.4,89.7,83.5,6.2
7/30/2021,82.9,77.4,5.5,90.4,84.2,6.2
8/2/2021,82.9,77.7,5.2,90.4,84.2,6.2
8/3/2021,83.6,75.7,7.9,90.6,84.4,6.2
8/4/2021,81.9,76,5.9,88.9,82.7,6.2
8/5/2021,81.3,74.5,6.8,88.2,82,6.2
8/6/2021,82.5,76.7,5.8,89.2,83,6.2
8/9/2021,81.7,75.2,6.5,88.5,82.3,6.2
8/10/2021,81.5,74.9,6.6,87.8,81.6,6.2
8/11/2021,82.5,75.5,7,88.7,82.5,6.2
8/12/2021,83.4,76.9,6.5,89.7,83.5,6.2
8/13/2021,82.5,75.7,6.8,88.8,82.6,6.2
8/16/2021,82.1,75.1,7,88.4,82.2,6.2
8/17/2021,80.2,74,6.2,86.8,80.6,6.2
8/18/2021,79.2,72.7,6.5,85.9,79.7,6.2
8/19/2021,78.4,71.6,6.8,84.9,78.7,6.2
8/20/2021,77.1,70.7,6.4,83.1,76.9,6.2
8/23/2021,76.5,67.3,9.2,80.8,74.6,6.2
8/24/2021,78.5,70.4,8.1,83.2,77,6.2
8/25/2021,79.5,72.5,7,84.6,78.4,6.2
8/26/2021,83.5,76.6,6.9,87.8,81.6,6.2
8/27/2021,82.1,75.5,6.6,85.9,79.7,6.2
8/30/2021,81.8,76.1,5.7,87.4,81.2,6.2
8/31/2021,83.8,77.3,6.5,89.2,83,6.2
9/1/2021,82.9,76.4,6.5,87.9,81.7,6.2
9/2/2021,82.3,76.3,6,86.5,80.3,6.2
9/3/2021,83.7,77.6,6.1,87.7,81.5,6.2
9/7/2021,82.3,78,4.3,88.3,82.1,6.2
9/8/2021,82,76.3,5.7,87.3,81.1,6.2
9/9/2021,82.3,76.6,5.7,87.8,81.6,6.2
9/10/2021,80.8,75.7,5.1,86.7,80.5,6.2
9/13/2021,82.6,77.2,5.4,89.1,82.9,6.2
9/14/2021,81.8,76.9,4.9,89.5,83.3,6.2
9/15/2021,82.3,77.1,5.2,89.9,83.7,6.2
9/16/2021,83.4,77.6,5.8,90.1,83.9,6.2
9/17/2021,81.8,77.3,4.5,88.9,82.7,6.2
9/20/2021,80.6,77.6,3,89.4,83.2,6.2
9/21/2021,78.9,75.4,3.5,87.7,81.5,6.2
9/22/2021,79,74.7,4.3,86.8,80.6,6.2
9/23/2021,79.3,74.2,5.1,86.9,80.7,6.2
9/24/2021,80.5,75.8,4.7,88.1,81.9,6.2
9/27/2021,80.3,75.5,4.8,88.3,82.1,6.2
9/28/2021,81.3,75.8,5.5,88.1,81.9,6.2
9/29/2021,80.2,75.9,4.3,87.2,81,6.2
9/30/2021,81.6,76.8,4.8,89.6,83.4,6.2
10/1/2021,82.1,77.2,4.9,90.3,84.1,6.2
10/4/2021,84.2,78,6.2,93.1,86.9,6.2
10/5/2021,85.2,80.1,5.1,95.3,89.1,6.2
10/6/2021,87.2,80.8,6.4,96.8,90.6,6.2
10/7/2021,85.8,78.9,6.9,95.1,88.9,6.2
10/8/2021,86.1,79.6,6.5,95.1,88.9,6.2
10/11/2021,86.1,80.5,5.6,95.1,88.9,6.2
10/12/2021,87.1,81.5,5.6,94.8,88.6,6.2
10/13/2021,87.3,81,6.3,94,87.8,6.2
10/14/2021,88.1,81.2,6.9,93.7,87.5,6.2
10/15/2021,88.8,82,6.8,94.2,88,6.2
10/18/2021,90.9,84.1,6.8,94.3,88.1,6.2
10/19/2021,91.1,84.1,7,94,87.8,6.2
10/20/2021,90.7,83.3,7.4,94.1,87.9,6.2
10/21/2021,91.4,84.5,6.9,95.5,89.3,6.2
10/22/2021,90.5,83,7.5,94.4,88.2,6.2
10/25/2021,90.7,84.1,6.6,93.2,87,6.2
10/26/2021,91.8,84.7,7.1,93,86.8,6.2
10/27/2021,91.5,84.6,6.9,93.1,86.9,6.2
10/28/2021,89,81.8,7.2,92.3,86.1,6.2
10/29/2021,88.7,82.4,6.3,92.1,85.9,6.2
11/1/2021,89.9,82.9,7,92.8,86.6,6.2
11/2/2021,90.2,81.7,8.5,93.8,87.6,6.2
11/3/2021,91.8,85.2,6.6,95.9,89.7,6.2
11/4/2021,87.7,81.8,5.9,92.3,86.1,6.2
11/5/2021,86.4,80.3,6.1,90.5,84.3,6.2
11/8/2021,87,80.8,6.2,90.6,84.4,6.2
11/9/2021,86.9,80.1,6.8,90.2,84,6.2
11/10/2021,89.6,81.6,8,92.6,86.4,6.2
11/11/2021,86.2,78.9,7.3,89.7,83.5,6.2
11/12/2021,86.9,80.2,6.7,90.7,84.5,6.2
11/15/2021,86.7,79.9,6.8,91.6,85.4,6.2
11/16/2021,87.1,80.4,6.7,91.7,85.5,6.2
11/17/2021,88.9,81.1,7.8,91.7,85.5,6.2
11/18/2021,86.9,78.7,8.2,88.9,82.7,6.2
11/19/2021,87.2,79.4,7.8,89.9,83.7,6.2
11/22/2021,84.5,76.6,7.9,87.3,81.1,6.2
11/23/2021,85.6,78.2,7.4,88.1,81.9,6.2
11/24/2021,88.8,80.5,8.3,90.8,84.6,6.2
11/29/2021,78.5,80.4,-1.9,81.2,75,6.2
11/30/2021,79.4,72,7.4,82.5,76.3,6.2
12/1/2021,75.9,68.4,7.5,78.2,72,6.2
12/2/2021,76.3,67.4,8.9,78.4,72.2,6.2
12/3/2021,77.2,70.1,7.1,79.2,73,6.2
12/6/2021,76.6,68.8,7.8,79.2,73,6.2
12/7/2021,79.4,71.4,8,81.7,75.5,6.2
12/8/2021,81.1,73.2,7.9,85.1,78.9,6.2
12/9/2021,82.7,75,7.7,86.8,80.6,6.2
12/10/2021,82.1,73.7,8.4,85.3,79.1,6.2
12/13/2021,82.5,75.2,7.3,85.1,78.9,6.2
12/14/2021,82.1,74.9,7.2,84.3,78.1,6.2
12/15/2021,82.2,74.4,7.8,84.5,78.3,6.2
12/16/2021,82.9,75.1,7.8,85.3,79.1,6.2
12/17/2021,83.6,75.8,7.8,86.2,80,6.2
12/20/2021,82.2,75.5,6.7,84.7,78.5,6.2
12/21/2021,81.4,73.4,8,84.2,78,6.2
12/22/2021,83,75,8,86.7,80.5,6.2
12/23/2021,83,75.2,7.8,86.8,80.6,6.2
12/27/2021,84.1,76.4,7.7,88.3,82.1,6.2
12/28/2021,84.1,77.3,6.8,88.3,82.1,6.2
12/29/2021,84.9,77.6,7.3,88.9,82.7,6.2
12/30/2021,86.1,78.2,7.9,91.4,85.2,6.2
12/31/2021,86.7,77.8,8.9,92.6,86.4,6.2
1/3/2022,86.7,76.2,10.5,92.6,86.4,6.2
1/4/2022,84.5,77.3,7.2,90,83.8,6.2
1/5/2022,85.7,77.7,8,91.5,85.3,6.2
1/6/2022,86.1,77.8,8.3,92.3,86.1,6.2
1/7/2022,86.7,78.5,8.2,92.6,86.4,6.2
1/10/2022,85.9,78.6,7.3,91.6,85.4,6.2
1/11/2022,85.3,77.4,7.9,90.8,84.6,6.2
1/12/2022,87.8,79.3,8.5,92.4,86.2,6.2
1/13/2022,88.2,80.4,7.8,92.2,86,6.2
1/14/2022,87.7,80.1,7.6,91.6,85.4,6.2
1/18/2022,88.9,81.9,7,92.6,86.4,6.2
1/19/2022,89.4,82.5,6.9,92.2,86,6.2
1/20/2022,90,82.3,7.7,92.7,86.5,6.2
1/21/2022,89.9,82.1,7.8,93.1,86.9,6.2
1/24/2022,89.8,83.1,6.7,93.5,87.3,6.2
1/25/2022,89.2,82.2,7,92.4,86.2,6.2
1/26/2022,91,83.2,7.8,95,88.8,6.2
1/27/2022,92.9,86.2,6.7,97,90.8,6.2
1/28/2022,93.4,88.1,5.3,97.9,91.7,6.2
1/31/2022,94.4,87.5,6.9,98.6,92.4,6.2
2/1/2022,94.4,87.4,7,98.8,92.6,6.2
2/2/2022,95.2,88.2,7,97.8,91.6,6.2
2/3/2022,96.5,88.9,7.6,98.7,92.5,6.2
2/4/2022,97.6,91,6.6,99.8,93.6,6.2
2/7/2022,99.3,91.4,7.9,101.2,95,6.2
2/8/2022,98.8,92.5,6.3,100.3,94.1,6.2
2/9/2022,96.9,90.2,6.7,98.3,92.1,6.2
2/10/2022,97.2,91.3,5.9,98,91.8,6.2
2/11/2022,97.3,91.3,6,97.9,91.7,6.2
2/14/2022,99.9,94.6,5.3,99.4,93.2,6.2
2/15/2022,101.7,95,6.7,100.9,94.7,6.2
2/16/2022,97.9,91.5,6.4,97.4,91.2,6.2
2/17/2022,97.8,89,8.8,96.7,90.5,6.2
2/18/2022,96.9,91.3,5.6,90.2,84,6.2
2/22/2022,98,92.3,5.7,96.6,90.4,6.2
2/23/2022,99.2,92.1,7.1,99.9,93.7,6.2
2/24/2022,99.5,94.2,5.3,101.5,95.3,6.2
2/25/2022,101,95.1,5.9,103.8,97.6,6.2
2/28/2022,98.5,93.3,5.2,104.4,98.2,6.2
3/1/2022,100.2,94.9,5.3,104.9,98.7,6.2
3/2/2022,105.6,106.2,-0.6,109.6,103.4,6.2
3/3/2022,112.6,108.6,4,113.9,107.7,6.2
3/4/2022,112.2,107.2,5,112.2,106,6.2
3/7/2022,121.7,115.2,6.5,126.8,120.6,6.2
3/8/2022,122.4,118.3,4.1,127.5,121.3,6.2
3/9/2022,127.5,121.8,5.7,129.4,123.2,6.2
3/10/2022,113.4,108.7,4.7,117.6,111.4,6.2
3/11/2022,108.1,102.1,6,114.6,108.4,6.2
3/14/2022,113,108,5,123.5,117.3,6.2
3/15/2022,108.5,103.4,5.1,119.1,112.9,6.2
3/16/2022,103,95.8,7.2,114.4,108.2,6.2
3/17/2022,102.2,95.6,6.6,113.4,107.2,6.2
3/18/2022,108.7,103.3,5.4,120.3,114.1,6.2
3/21/2022,109.4,104.2,5.2,120.6,114.4,6.2
3/22/2022,113.4,108.7,4.7,124.5,118.3,6.2
3/23/2022,111.7,106.5,5.2,122.8,116.6,6.2
3/24/2022,114.5,110.2,4.3,125.7,119.5,6.2
3/25/2022,112.7,107.3,5.4,123.2,117,6.2
3/28/2022,115.3,109.9,5.4,123.3,117.1,6.2
3/29/2022,107,100.5,6.5,115.1,108.9,6.2
3/30/2022,106.5,100,6.5,113,106.8,6.2
3/31/2022,109.9,103,6.9,116.4,110.2,6.2
4/1/2022,105,102.7,2.3,111.1,104.9,6.2
4/4/2022,105,101.3,3.7,112.3,106.1,6.2
4/5/2022,106.8,105.3,1.5,112.5,106.3,6.2
4/6/2022,105.4,103.3,2.1,111.9,105.7,6.2
4/7/2022,101.8,101.7,0.1,108.9,102.7,6.2
4/8/2022,102.1,100.8,1.3,109.4,103.2,6.2
4/11/2022,104.5,103.6,0.9,111.8,105.6,6.2
4/12/2022,100.6,99.9,0.7,107.6,101.4,6.2
4/13/2022,105.4,104.9,0.5,111.1,104.9,6.2
4/14/2022,109.7,109.2,0.5,115.9,109.7,6.2
4/18/2022,112.9,110.5,2.4,119.3,113.1,6.2
4/19/2022,117.4,110.2,7.2,119.1,112.9,6.2
4/20/2022,116.9,100.3,16.6,116.8,110.6,6.2
4/21/2022,115,102.1,12.9,114.3,108.1,6.2
4/22/2022,116.7,104.4,12.3,119.1,112.9,6.2
4/25/2022,116.2,103.4,12.8,120.5,114.3,6.2
4/26/2022,114.5,109.2,5.3,116.2,110,6.2
4/27/2022,118,113.4,4.6,121.5,115.3,6.2
4/28/2022,122.2,116.4,5.8,124.8,118.6,6.2
4/29/2022,123.8,117,6.8,126.7,120.5,6.2
5/2/2022,122,117,5,124.3,118.1,6.2
5/3/2022,124.8,118.6,6.2,126.2,120,6.2
5/4/2022,123.9,119.3,4.6,125.6,119.4,6.2
5/5/2022,128.8,125.2,3.6,130.4,124.2,6.2
5/6/2022,129.3,125.8,3.5,131,124.8,6.2
5/9/2022,132.9,131.8,1.1,135.6,129.4,6.2
5/10/2022,130.5,125.4,5.1,132.6,126.4,6.2
5/11/2022,127.2,121.9,5.3,129.9,123.7,6.2
5/12/2022,131.1,127.5,3.6,133.7,127.5,6.2
5/13/2022,135.7,131.1,4.6,138.2,132,6.2
5/16/2022,140.4,135.8,4.6,139.8,133.6,6.2
5/17/2022,142.5,137.6,4.9,139.6,133.4,6.2
5/18/2022,138.7,135.8,2.9,133.9,127.7,6.2
5/19/2022,131.1,128,3.1,128.1,121.9,6.2
5/20/2022,134.4,131.9,2.5,134.2,128,6.2
5/23/2022,134.4,132.8,1.6,134.2,128,6.2
5/24/2022,131.5,130.7,0.8,137,130.8,6.2
5/25/2022,130,130.5,-0.5,136.7,130.5,6.2
5/26/2022,130.7,131.7,-1,134.7,128.5,6.2
5/27/2022,132,132.1,-0.1,137.3,131.1,6.2
5/31/2022,136,137.1,-1.1,143.3,137.1,6.2
6/1/2022,136.7,137.2,-0.5,142.1,135.9,6.2
6/2/2022,140.6,142.5,-1.9,149.2,143,6.2
6/3/2022,143.8,147.6,-3.8,152.3,146.1,6.2
6/6/2022,145.9,149.7,-3.8,153.2,147,6.2
6/7/2022,143.6,147.3,-3.7,147.1,140.9,6.2
6/8/2022,142.1,142.7,-0.6,145.6,139.4,6.2
6/9/2022,143.6,146.4,-2.8,150.2,143.9,6.3
6/10/2022,146.7,145.3,1.4,155.6,149.4,6.2
6/13/2022,143.9,142.8,1.1,154.6,148.4,6.2
6/14/2022,139.4,139.1,0.3,153.6,147.4,6.2
6/15/2022,138.8,138.6,0.2,153.6,147.4,6.2
6/16/2022,135.9,134.7,1.2,145.6,139.4,6.2
6/17/2022,137.5,136.6,0.9,147.3,141.1,6.2
6/21/2022,132.3,132.8,-0.5,146.2,140,6.2
6/22/2022,132.5,132.9,-0.4,146.2,140,6.2
6/23/2022,133.8,132.2,1.6,143.3,137.1,6.2
6/24/2022,131.9,131.1,0.8,139.1,132.9,6.2
6/27/2022,135.6,135,0.6,142.9,136.7,6.2
6/28/2022,132.4,133.4,-1,140.3,134.1,6.2
6/29/2022,136.4,134.7,1.7,144.9,138.7,6.2
6/30/2022,132.8,129.8,3,139.7,133.5,6.2
7/1/2022,132.8,125.2,7.6,139.7,133.5,6.2
7/5/2022,130,131.3,-1.3,136.8,130.6,6.2
7/6/2022,122.4,120.4,2,128.7,122.5,6.2
7/7/2022,118.2,116.4,1.8,122.8,116.6,6.2
7/8/2022,124.1,123.2,0.9,128.6,122.4,6.2
7/11/2022,124.8,125.2,-0.4,129.5,123.3,6.2
7/12/2022,125.6,125.3,0.3,130.4,124.2,6.2
7/13/2022,118.9,118.9,0,123.6,117.4,6.2
7/14/2022,117.5,119.3,-1.8,120.8,114.6,6.2
7/15/2022,119,116.9,2.1,120.3,114.1,6.2
7/18/2022,119.8,117,2.8,117.8,111.6,6.2
7/19/2022,119.6,118.3,1.3,118.7,112.5,6.2
7/20/2022,119.7,119.7,0,119,112.8,6.2
7/21/2022,116,118.1,-2.1,117.5,111.3,6.2
7/22/2022,111.2,109.8,1.4,112.8,106.6,6.2
7/25/2022,117.3,113.6,3.7,113.5,107.3,6.2
7/26/2022,123.4,117.3,6.1,112.3,106.1,6.2
7/27/2022,122.9,116.5,6.4,111.5,105.3,6.2
7/28/2022,121.2,119.4,1.8,113.5,107.3,6.2
7/29/2022,120.9,120.6,0.3,108.3,102.1,6.2
8/1/2022,120.9,114.9,6,108.3,102.1,6.2
8/2/2022,120.8,114.6,6.2,108.1,101.9,6.2
8/3/2022,117.1,110.4,6.7,107.9,101.7,6.2
8/4/2022,111.3,108.6,2.7,106,99.8,6.2
8/5/2022,104,104.2,-0.2,102.9,96.7,6.2
8/8/2022,109.1,106.4,2.7,105,98.8,6.2
8/9/2022,108.3,107.7,0.6,105.5,99.3,6.2
8/10/2022,108.7,110.1,-1.4,110.2,104,6.2
8/11/2022,116,105.7,10.3,113.6,107.4,6.2
8/12/2022,110.5,106.2,4.3,114.9,108.7,6.2
8/15/2022,109.2,106.3,2.9,117.7,111.5,6.2
8/16/2022,105.1,103.1,2,115.4,109.2,6.2
8/17/2022,103.8,101.7,2.1,107.3,101.1,6.2
8/18/2022,105.7,102.9,2.8,107.8,101.6,6.2
8/19/2022,107.7,105.3,2.4,111,104.8,6.2
8/22/2022,107.7,104.3,3.4,110,103.8,6.2
8/23/2022,102.5,100.1,2.4,105,98.8,6.2
8/24/2022,102.5,101.5,1,104.5,98.3,6.2
8/25/2022,98.1,97.3,0.8,100.6,94.4,6.2
8/26/2022,98.3,97.5,0.8,106.9,100.7,6.2
8/29/2022,99.9,98.8,1.1,107,100.8,6.2
8/30/2022,100.8,100.6,0.2,109.4,103.2,6.2
8/31/2022,96.4,94.2,2.2,106,99.8,6.2
9/1/2022,93.7,90.4,3.3,103.1,96.9,6.2
9/2/2022,91.8,88.5,3.3,102.5,96.3,6.2
9/6/2022,94.1,91.1,3,108.9,102.7,6.2
9/7/2022,92.5,90.2,2.3,101.6,95.4,6.2
9/8/2022,88.6,88.9,-0.3,96.8,90.6,6.2
9/9/2022,89,88.9,0.1,97.7,91.5,6.2
9/12/2022,91.6,91.6,0,102.5,96.3,6.2
9/13/2022,90.6,94.1,-3.5,101,94.8,6.2
9/14/2022,94,94.9,-0.9,102.3,96.1,6.2
9/15/2022,96.2,96.9,-0.7,105.7,99.5,6.2
9/16/2022,93.1,93.8,-0.7,100.7,94.5,6.2
9/19/2022,90.8,92,-1.2,107.5,101.3,6.2
9/20/2022,92.7,94,-1.3,108.4,102.2,6.2
9/21/2022,93.1,91.9,1.2,108.8,102.6,6.2
9/22/2022,95,92.3,2.7,110.4,104.2,6.2
9/23/2022,97.1,95.1,2,117.6,111.4,6.2
9/26/2022,93,92,1,132.4,126.2,6.2
9/27/2022,93.6,87.7,5.9,123.8,117.6,6.2
9/28/2022,97.5,98,-0.5,130.6,124.4,6.2
9/29/2022,100.1,100.7,-0.6,136.8,130.6,6.2
9/30/2022,97.7,98.8,-1.1,133.4,127.2,6.2
10/3/2022,96.8,97.2,-0.4,137.8,131.6,6.2
10/4/2022,101.6,101.8,-0.2,132.3,126.1,6.2
10/5/2022,109.8,107.2,2.6,134.2,128,6.2
10/6/2022,109.9,108.1,1.8,125.6,119.4,6.2
10/7/2022,110.6,109.3,1.3,122.3,116.1,6.2
10/11/2022,109.8,112,-2.2,120.5,114.3,6.2
10/12/2022,106,105.1,0.9,104.4,98.2,6.2
10/13/2022,106,106.3,-0.3,109.3,103.1,6.2
10/14/2022,108.2,107.7,0.5,110.6,104.4,6.2
10/17/2022,106,108.2,-2.2,108,101.8,6.2
10/18/2022,104.3,104.2,0.1,103.7,97.5,6.2
10/19/2022,103.1,104.5,-1.4,100,93.8,6.2
10/20/2022,106.3,107.2,-0.9,104.2,98,6.2
10/21/2022,105.6,107.1,-1.5,100.1,93.9,6.2
10/24/2022,104.3,106.9,-2.6,108.1,101.9,6.2
10/25/2022,108.5,109.9,-1.4,111,104.8,6.2
10/26/2022,115,114.6,0.4,109.5,103.3,6.2
10/27/2022,118.2,115.4,2.8,108.8,102.6,6.2
10/28/2022,121.6,118.4,3.2,110.9,104.7,6.2
10/31/2022,116.4,113.6,2.8,113.2,107,6.2
11/1/2022,111.4,112.5,-1.1,117,110.8,6.2
11/2/2022,110.8,111.4,-0.6,120.9,114.7,6.2
11/3/2022,114.5,108.7,5.8,125.1,118.9,6.2
11/4/2022,118.6,113.8,4.8,108.4,102.2,6.2
11/7/2022,117.9,115.2,2.7,101.4,95.2,6.2
11/8/2022,114.7,112.2,2.5,97.5,91.3,6.2
11/9/2022,111.2,111.5,-0.3,97.1,90.9,6.2
11/10/2022,108.1,106.8,1.3,92.9,86.7,6.2
11/11/2022,108.3,107.4,0.9,93.7,87.5,6.2
11/14/2022,107.8,106.7,1.1,92.8,86.6,6.2
11/15/2022,103.1,102.8,0.3,91.4,85.2,6.2
11/16/2022,102.2,103,-0.8,89.5,83.3,6.2
11/17/2022,100.3,97.9,2.4,87.8,81.6,6.2
11/18/2022,99.3,96.6,2.7,87,80.8,6.2
11/21/2022,98.3,95.7,2.6,82.5,76.3,6.2
11/22/2022,98.5,96,2.5,84.6,78.4,6.2
11/23/2022,101.7,96.5,5.2,89.2,83,6.2
11/25/2022,96.6,93.7,2.9,95.3,89.1,6.2
11/28/2022,91.7,90.7,1,88.9,82.7,6.2
11/29/2022,89.7,89.9,-0.2,87.2,81,6.2
11/30/2022,90.9,90.3,0.6,89.8,83.6,6.2
12/1/2022,93.7,86.6,7.1,94.7,88.5,6.2
12/2/2022,91.9,91.6,0.3,90.1,83.9,6.2
12/5/2022,89.1,90.5,-1.4,87.2,81,6.2
12/6/2022,86.4,88.4,-2,82.2,76,6.2
12/7/2022,84.2,86.1,-1.9,81.3,75.1,6.2
12/8/2022,81.6,83.5,-1.9,78.6,72.4,6.2
12/9/2022,80.2,77.7,2.5,81.6,75.4,6.2
12/12/2022,80.4,78,2.4,81.6,75.4,6.2
12/13/2022,81.5,78.2,3.3,81.8,75.6,6.2
12/14/2022,83.8,81,2.8,83.5,77.3,6.2
12/15/2022,87,84.7,2.3,86.6,80.4,6.2
12/16/2022,84.4,82.3,2.1,80.8,74.6,6.2
12/19/2022,83.4,80.7,2.7,79.7,73.5,6.2
12/20/2022,84.6,81.9,2.7,81.7,75.5,6.2
12/21/2022,86.1,83.3,2.8,84.4,78.2,6.2
12/22/2022,85.8,85,0.8,85,78.8,6.2
12/23/2022,86.4,84.9,1.5,87,80.8,6.2
12/27/2022,86.4,88.5,-2.1,87,80.8,6.2
12/28/2022,90.9,88.4,2.5,96.3,90.1,6.2
12/29/2022,91.2,87.7,3.5,97,90.8,6.2
12/30/2022,91.1,88.5,2.6,97.6,91.4,6.2
1/3/2023,94.1,94.4,-0.3,99.8,93.6,6.2
1/4/2023,90.5,88.6,1.9,98.1,91.9,6.2
1/5/2023,86.1,85.8,0.3,93.3,87.1,6.2
1/6/2023,86.9,85.2,1.7,94.1,87.9,6.2
1/9/2023,85.4,84.2,1.2,93.4,87.2,6.2
1/10/2023,86.6,85.6,1,94.8,88.6,6.2
1/11/2023,88.2,85.9,2.3,95.1,88.9,6.2
1/12/2023,91.9,90,1.9,96,89.8,6.2
1/13/2023,93.1,90.6,2.5,96.9,90.7,6.2
1/17/2023,95.1,93.2,1.9,98.5,92.3,6.2
1/18/2023,95.4,94.7,0.7,97.2,91,6.2
1/19/2023,95,93.6,1.4,98.4,92.2,6.2
1/20/2023,97.9,95.8,2.1,102.7,96.5,6.2
1/23/2023,99.1,96.6,2.5,102.6,96.4,6.2
1/24/2023,100.4,98.2,2.2,103.8,97.6,6.2
1/25/2023,98.2,97.3,0.9,103,96.8,6.2
1/26/2023,96.2,94.7,1.5,101.6,95.4,6.2
1/27/2023,96.4,95.9,0.5,101.9,95.7,6.2
1/30/2023,95.3,95,0.3,98,91.8,6.2
1/31/2023,92.3,91.9,0.4,95.1,88.9,6.2
2/1/2023,93.9,93.7,0.2,96.5,90.3,6.2
2/2/2023,89.9,90,-0.1,93.1,86.9,6.2
2/3/2023,90.2,90.3,-0.1,92.8,86.6,6.2
2/6/2023,85.7,87.3,-1.6,88.5,82.3,6.2
2/7/2023,87.5,89.4,-1.9,89.9,83.7,6.2
2/8/2023,91,92.3,-1.3,93.2,87,6.2
2/9/2023,91.1,92.3,-1.2,92.4,86.2,6.2
2/10/2023,90.5,91,-0.5,90.8,84.6,6.2
2/13/2023,91.9,92.7,-0.8,93.3,87.1,6.2
2/14/2023,92.7,93.2,-0.5,94.6,88.4,6.2
2/15/2023,91.2,92.6,-1.4,94.4,88.2,6.2
2/16/2023,91.5,93.1,-1.6,94.8,88.6,6.2
2/17/2023,89.7,89.5,0.2,91.6,85.4,6.2
2/21/2023,89,89.2,-0.2,90.9,84.7,6.2
2/22/2023,89.4,89.3,0.1,93.2,87,6.2
2/23/2023,86,86.4,-0.4,91.7,85.5,6.2
2/24/2023,87.8,88.1,-0.3,93.7,87.5,6.2
2/27/2023,87.5,86.9,0.6,93.6,87.4,6.2
2/28/2023,87.9,87.9,0,96.4,90.2,6.2
3/1/2023,90.4,89.9,0.5,99.9,93.7,6.2
3/2/2023,92.7,92.5,0.2,101.4,95.2,6.2
3/3/2023,93.7,93.2,0.5,103,96.8,6.2
3/6/2023,95.5,95.3,0.2,105.4,99.2,6.2
3/7/2023,97,95.8,1.2,107.3,101.1,6.2
3/8/2023,94.2,92.6,1.6,107.3,101.1,6.2
3/9/2023,93.7,92.2,1.5,107.5,101.3,6.2
3/10/2023,90.4,89.2,1.2,104.1,97.9,6.2
3/13/2023,91.7,90.9,0.8,105.5,99.3,6.2
3/14/2023,89.2,88.9,0.3,102.7,96.5,6.2
3/15/2023,88.4,87.9,0.5,102.4,96.2,6.2
3/16/2023,84.9,84.5,0.4,99.2,93,6.2
3/17/2023,86.9,85.6,1.3,101.3,95.1,6.2
3/20/2023,87.1,84.8,2.3,100,93.8,6.2
3/21/2023,87.9,86.3,1.6,98.9,92.7,6.2
3/22/2023,88.2,90.4,-2.2,98.6,92.4,6.2
3/23/2023,90.2,91.2,-1,99.3,93.1,6.2
3/24/2023,90.3,92.2,-1.9,99.5,93.3,6.2
3/27/2023,90.2,91.2,-1,99.6,93.4,6.2
3/28/2023,92.4,93.9,-1.5,104.6,98.4,6.2
3/29/2023,93,94.1,-1.1,104.9,98.7,6.2
3/30/2023,91.1,92,-0.9,103,96.8,6.2
3/31/2023,90.7,92,-1.3,102.8,96.6,6.2
4/3/2023,91.9,92.2,-0.3,103.6,97.4,6.2
4/4/2023,94,96.9,-2.9,105.1,98.9,6.2
4/5/2023,93.6,100,-6.4,105,98.8,6.2
4/6/2023,97,102.7,-5.7,108.4,102.2,6.2
4/10/2023,96.9,102.6,-5.7,108.3,102.1,6.2
4/11/2023,97,102.8,-5.8,108,101.8,6.2
4/12/2023,98.8,104.1,-5.3,111,104.8,6.2
4/13/2023,98.9,103.7,-4.8,112.1,105.9,6.2
4/14/2023,96.6,101.6,-5,110,103.8,6.2
4/17/2023,97.1,102.7,-5.6,110.6,104.4,6.2
4/18/2023,103.7,100.5,3.2,107.5,101.3,6.2
4/19/2023,103,98.7,4.3,108.4,102.2,6.2
4/20/2023,99.7,95.3,4.4,105,98.8,6.2
4/21/2023,97.6,93.8,3.8,102,95.8,6.2
4/24/2023,97.9,94.4,3.5,102.6,96.4,6.2
4/25/2023,99,96,3,104.2,98,6.2
4/26/2023,97.9,94.6,3.3,102.6,96.4,6.2
4/27/2023,96.4,93.2,3.2,101.6,95.4,6.2
4/28/2023,95.9,93.8,2.1,100.4,94.2,6.2
5/1/2023,96.4,94.5,1.9,101.5,95.3,6.2
5/2/2023,96.9,94.7,2.2,102.3,96.1,6.2
5/3/2023,93.2,90.3,2.9,98.9,92.7,6.2
5/4/2023,89.1,85.5,3.6,95.2,89,6.2
5/5/2023,88.7,85.1,3.6,97.3,91.1,6.2
5/8/2023,89.6,86.7,2.9,98.3,92.1,6.2
5/9/2023,92.1,89.2,2.9,101.6,95.4,6.2
5/10/2023,93.4,90.2,3.2,102.7,96.5,6.2
5/11/2023,94,90.9,3.1,102.9,96.7,6.2
5/12/2023,93.3,90.3,3,101.7,95.5,6.2
5/15/2023,92.6,88.7,3.9,101,94.8,6.2
5/16/2023,93.7,89.6,4.1,103.6,97.4,6.2
5/17/2023,93.8,89.5,4.3,103.7,97.5,6.2
5/18/2023,97.1,92.9,4.2,106.9,100.7,6.2
5/19/2023,97.6,93.1,4.5,107.4,101.2,6.2
5/23/2023,97.9,92.7,5.2,106.3,100.1,6.2
5/24/2023,102.4,96.9,5.5,109,102.8,6.2
5/25/2023,105.2,98.6,6.6,110.5,104.3,6.2
5/26/2023,102.4,96.8,5.6,107.7,101.5,6.2
5/30/2023,103.1,97.5,5.6,107.6,101.4,6.2
5/31/2023,98.6,93.6,5,103.4,97.2,6.2
6/1/2023,98,90.3,7.7,101.9,95.7,6.2
6/2/2023,96.6,94.5,2.1,99.1,92.9,6.2
6/5/2023,99,96.9,2.1,103.8,97.6,6.2
6/6/2023,99.7,96.2,3.5,104.5,98.3,6.2
6/7/2023,100,96.9,3.1,104.3,98.1,6.2
6/8/2023,102.4,100,2.4,109.3,103.1,6.2
6/9/2023,101.4,98.4,3,109.1,102.9,6.2
6/12/2023,100.5,98.4,2.1,107.5,101.3,6.2
6/13/2023,96.8,94.3,2.5,105,98.8,6.2
6/14/2023,98.9,95.9,3,106.2,100,6.2
6/15/2023,98.7,92.3,6.4,105.9,99.7,6.2
6/16/2023,101.4,94.6,6.8,106.2,100,6.2
6/20/2023,101.7,95.9,5.8,107.3,101.1,6.2
6/21/2023,99.1,92.7,6.4,104.5,98.3,6.2
6/22/2023,99.1,89.9,9.2,104.5,98.3,6.2
6/23/2023,95.6,88,7.6,101.2,95,6.2
6/26/2023,95,86.9,8.1,99.3,93.1,6.2
6/27/2023,94.8,87.7,7.1,99.1,92.9,6.2
6/28/2023,93.8,88.2,5.6,96.4,90.2,6.2
6/29/2023,97,89.9,7.1,98.3,92.1,6.2
6/30/2023,97.7,90.2,7.5,97.6,91.4,6.2
7/3/2023,97.7,91.4,6.3,97.6,91.4,6.2
7/4/2023,99.5,85.6,13.9,98.3,92.1,6.2
7/5/2023,99.4,85.9,13.5,97.3,91.1,6.2
7/6/2023,98.8,90.8,8,97.5,91.3,6.2
7/7/2023,98.7,90.1,8.6,98.8,92.6,6.2
7/10/2023,99.8,91.7,8.1,99.1,92.9,6.2
7/11/2023,98.5,91.2,7.3,98.5,92.3,6.2
7/12/2023,100.1,92.6,7.5,100.1,93.9,6.2
7/13/2023,101.2,94,7.2,99.2,93,6.2
7/14/2023,101.2,93.6,7.6,99.3,93.1,6.2
7/17/2023,100.4,90,10.4,98.1,91.9,6.2
7/18/2023,99.7,90,9.7,97.3,91.1,6.2
7/19/2023,101.9,92.1,9.8,100.3,94.1,6.2
7/20/2023,102.7,93.2,9.5,101,94.8,6.2
7/21/2023,103.3,94.5,8.8,102.3,96.1,6.2
7/24/2023,105.6,96.2,9.4,104.5,98.3,6.2
7/25/2023,108.4,100.2,8.2,107.3,101.1,6.2
7/26/2023,105.6,98.6,7,104.8,98.6,6.2
7/27/2023,107.7,100.3,7.4,104.7,98.5,6.2
7/28/2023,109.1,99.6,9.5,107,100.8,6.2
7/31/2023,108.5,99.4,9.1,107.5,101.3,6.2
8/1/2023,107.1,101.4,5.7,108.3,102.1,6.2
